"CollectionsMercadoPago","CollectionsPayPal","CollectionsBankTransfers","CollectionsBankTransfersB2B","Accountspayable(PROS","Accountspayable(PROSB2B","Accountspayable","Salaries","Socialsecurityandtaxes","Rent","Feesandaccruedexpenses","GA,traveling,othersalescosts","Inventory","MktEmailmkt","V15","Fundsavailable","Transfers","Closingbalance","date"
NA,NA,NA,NA,NA,NA,NA,NA,NA,NA,NA,NA,NA,NA,NA,11851.08,NA,11851.08,2020-01-01
NA,NA,NA,NA,-9560,NA,NA,NA,NA,NA,NA,NA,NA,NA,NA,2291.07,NA,2291.07,2020-01-02
NA,NA,19369,NA,-26023,NA,NA,-85733,-721,NA,NA,NA,NA,NA,NA,-90817.11,405691,314873.89,2020-01-03
NA,NA,450,NA,-52171,NA,-918,-2125,NA,NA,NA,NA,NA,NA,NA,260110.87,NA,260110.87,2020-01-04
NA,1500,200,NA,-18600,NA,-1406,NA,NA,NA,-51,NA,NA,NA,NA,241753.27,NA,241753.27,2020-01-05
NA,NA,3046,NA,-2315,NA,NA,NA,NA,NA,NA,NA,NA,NA,NA,242484.23,NA,242484.23,2020-01-06
NA,NA,NA,NA,NA,NA,NA,NA,NA,NA,NA,NA,NA,NA,NA,242484.23,NA,242484.23,2020-01-07
NA,NA,NA,NA,NA,NA,NA,NA,NA,NA,NA,NA,NA,NA,NA,242484.23,NA,242484.23,2020-01-08
NA,NA,NA,NA,-12575,NA,NA,NA,NA,-23751,NA,NA,NA,NA,NA,206158.73,NA,206158.73,2020-01-09
68000,NA,1197,NA,-15521,NA,NA,NA,NA,NA,NA,NA,NA,NA,NA,259834.73,NA,259834.73,2020-01-10
NA,NA,-199,NA,-65409,NA,NA,-86473,NA,NA,NA,NA,NA,NA,NA,107754.33,NA,107754.33,2020-01-11
NA,NA,20111,NA,-15671,NA,-71,NA,NA,NA,NA,NA,NA,NA,NA,112123.03,NA,112123.03,2020-01-12
NA,NA,11220,NA,-3930,NA,NA,NA,NA,NA,NA,NA,NA,NA,NA,119413.04,NA,119413.04,2020-01-13
NA,NA,NA,NA,NA,NA,NA,NA,NA,NA,NA,NA,NA,NA,NA,119413.04,NA,119413.04,2020-01-14
NA,NA,NA,NA,NA,NA,NA,NA,NA,NA,NA,NA,NA,NA,NA,119413.04,NA,119413.04,2020-01-15
NA,NA,450,NA,-44183,NA,-5518,NA,NA,NA,NA,NA,NA,NA,NA,70162.82,NA,70162.82,2020-01-16
15000,NA,NA,NA,-4504,NA,NA,NA,NA,NA,-12296,NA,NA,NA,NA,68363.32,NA,68363.32,2020-01-17
NA,NA,NA,NA,-61279,NA,-173,NA,NA,NA,NA,NA,NA,NA,NA,6911.15,NA,6911.15,2020-01-18
NA,NA,10511,NA,-3931,NA,NA,NA,NA,NA,NA,NA,NA,NA,NA,13491.15,NA,13491.15,2020-01-19
NA,17500,17262,NA,-10887,NA,NA,NA,NA,NA,NA,NA,NA,NA,NA,37365.96,NA,37365.96,2020-01-20
NA,NA,NA,NA,NA,NA,NA,NA,NA,NA,NA,NA,NA,NA,NA,37365.96,NA,37365.96,2020-01-21
NA,NA,NA,NA,NA,NA,NA,NA,NA,NA,NA,NA,NA,NA,NA,37365.96,NA,37365.96,2020-01-22
NA,NA,-303,NA,-3366,NA,-1800,NA,NA,NA,NA,NA,NA,NA,NA,31897.3,NA,31897.3,2020-01-23
NA,NA,6844,NA,-5875,NA,NA,NA,NA,NA,NA,NA,NA,NA,NA,32866.3,NA,32866.3,2020-01-24
NA,NA,16983,NA,-41460,NA,NA,NA,NA,NA,NA,NA,NA,NA,NA,8389.62,NA,8389.62,2020-01-25
NA,45000,99,NA,-5104,NA,-285,NA,NA,NA,NA,NA,NA,NA,NA,48099.14,NA,48099.14,2020-01-26
NA,NA,3322,NA,-4465,NA,-159,NA,NA,NA,NA,NA,NA,NA,NA,46797.42,NA,46797.42,2020-01-27
NA,NA,NA,NA,NA,NA,NA,NA,NA,NA,NA,NA,NA,NA,NA,46797.42,NA,46797.42,2020-01-28
NA,NA,NA,NA,NA,NA,NA,NA,NA,NA,NA,NA,NA,NA,NA,46797.42,NA,46797.42,2020-01-29
NA,NA,45626,NA,-15568,NA,-3622,NA,NA,NA,NA,NA,NA,NA,NA,73233.83,NA,73233.83,2020-01-30
NA,NA,11216,NA,-22037,NA,-302,-86191,-722,NA,NA,NA,NA,NA,NA,-24802.95,343411.05,318608.1,2020-01-31
NA,NA,5834,NA,-82532,NA,NA,NA,NA,NA,NA,NA,NA,-6000,NA,235909.62,NA,235909.62,2020-02-01
NA,NA,73327,NA,NA,NA,NA,NA,NA,NA,NA,NA,NA,NA,NA,309236.62,NA,309236.62,2020-02-02
NA,NA,40145,NA,-90431,NA,NA,-200,NA,NA,NA,NA,NA,NA,NA,258750.28,NA,258750.28,2020-02-03
NA,NA,NA,NA,NA,NA,NA,NA,NA,NA,NA,NA,NA,NA,NA,258750.28,NA,258750.28,2020-02-04
NA,NA,NA,NA,NA,NA,NA,NA,NA,NA,NA,NA,NA,NA,NA,258750.28,NA,258750.28,2020-02-05
NA,NA,NA,NA,NA,NA,NA,NA,NA,NA,NA,NA,NA,NA,NA,258750.28,NA,258750.28,2020-02-06
25000,NA,19784,NA,NA,NA,-451,NA,-568,NA,NA,NA,NA,NA,NA,302515.71,NA,302515.71,2020-02-07
NA,NA,2948,NA,-78567,NA,-297,NA,NA,NA,-6960,NA,NA,-3976,NA,215662.94,NA,215662.94,2020-02-08
NA,5000,199,NA,-13731,NA,-954,NA,NA,NA,NA,NA,NA,NA,NA,206176.96,NA,206176.96,2020-02-09
NA,NA,299,NA,-8937,NA,-90,-104670,NA,NA,NA,NA,NA,NA,NA,92779.2,NA,92779.2,2020-02-10
NA,NA,NA,NA,NA,NA,NA,NA,NA,NA,NA,NA,NA,NA,NA,92779.2,NA,92779.2,2020-02-11
NA,NA,NA,NA,NA,NA,NA,NA,NA,NA,NA,NA,NA,NA,NA,92779.2,NA,92779.2,2020-02-12
NA,NA,2613,NA,-4116,NA,-125,NA,NA,-23751,NA,NA,NA,NA,NA,67400.39,NA,67400.39,2020-02-13
NA,NA,17646,NA,-22280,NA,NA,NA,-371,NA,NA,NA,NA,NA,NA,62395.2,NA,62395.2,2020-02-14
30000,NA,-9297,NA,-24354,NA,NA,NA,NA,NA,-12910,NA,NA,-1288,NA,44545.98,NA,44545.98,2020-02-15
NA,NA,6190,NA,-5103,NA,-3799,NA,NA,NA,NA,NA,NA,NA,NA,41834.87,NA,41834.87,2020-02-16
NA,40000,1388,NA,NA,NA,-3098,NA,NA,NA,NA,NA,NA,NA,NA,80124.76,NA,80124.76,2020-02-17
NA,NA,NA,NA,NA,NA,NA,NA,NA,NA,NA,NA,NA,NA,NA,80124.76,NA,80124.76,2020-02-18
NA,NA,NA,NA,NA,NA,NA,NA,NA,NA,NA,NA,NA,NA,NA,80124.76,NA,80124.76,2020-02-19
NA,NA,4871,NA,-3902,NA,-386,NA,NA,NA,NA,NA,NA,NA,NA,80707.46,NA,80707.46,2020-02-20
NA,NA,649,NA,-3379,NA,-3401,NA,NA,NA,NA,NA,NA,NA,NA,74575.85,NA,74575.85,2020-02-21
NA,NA,39267,NA,-42084,NA,-266,NA,NA,NA,NA,NA,NA,NA,NA,71492.99,NA,71492.99,2020-02-22
NA,NA,9338,NA,-2709,NA,NA,NA,NA,NA,-429,NA,NA,-1288,NA,76405.19,NA,76405.19,2020-02-23
NA,NA,-9277,NA,NA,NA,NA,NA,NA,NA,NA,NA,NA,NA,NA,67127.97,NA,67127.97,2020-02-24
NA,NA,NA,NA,NA,NA,NA,NA,NA,NA,NA,NA,NA,NA,NA,67127.97,NA,67127.97,2020-02-25
NA,NA,NA,NA,NA,NA,NA,NA,NA,NA,NA,NA,NA,NA,NA,67127.97,NA,67127.97,2020-02-26
NA,NA,NA,NA,NA,NA,NA,NA,NA,NA,NA,NA,NA,NA,NA,67127.97,NA,67127.97,2020-02-27
NA,NA,22424,NA,-7618,NA,-402,NA,NA,NA,NA,NA,NA,NA,NA,81532.49,NA,81532.49,2020-02-28
NA,NA,22616,NA,-76434,NA,-3161,NA,NA,NA,NA,NA,NA,NA,NA,24554.48,NA,24554.48,2020-03-01
2500,NA,40467,NA,-30903,NA,NA,-113610,-96,NA,-597,-224,NA,NA,NA,-77906.94,290005.5,212098.56,2020-03-02
NA,NA,2314,NA,NA,NA,NA,NA,NA,-23751,NA,NA,NA,NA,NA,190661.56,NA,190661.56,2020-03-03
NA,NA,NA,NA,NA,NA,NA,NA,NA,NA,NA,NA,NA,NA,NA,190661.56,NA,190661.56,2020-03-04
NA,NA,NA,NA,NA,NA,NA,NA,NA,NA,NA,NA,NA,NA,NA,190661.56,NA,190661.56,2020-03-05
NA,14000,NA,NA,-4030,NA,-1152,NA,NA,NA,NA,-8,NA,NA,NA,199471.56,NA,199471.56,2020-03-06
30000,NA,3685,NA,-16419,NA,NA,NA,NA,NA,NA,-2283,NA,NA,NA,214454.23,NA,214454.23,2020-03-07
NA,NA,45227,NA,-43301,NA,NA,-50,NA,NA,NA,-1093,NA,NA,NA,215236.87,NA,215236.87,2020-03-08
NA,5000,NA,NA,NA,NA,NA,NA,NA,NA,NA,-310,NA,NA,NA,219926.5,NA,219926.5,2020-03-09
NA,NA,19674,NA,-11736,NA,NA,-116382,NA,NA,NA,-1408,NA,NA,NA,110075.31,NA,110075.31,2020-03-10
NA,NA,NA,NA,NA,NA,NA,NA,NA,NA,NA,NA,NA,NA,NA,110075.31,NA,110075.31,2020-03-11
NA,NA,NA,NA,NA,NA,NA,NA,NA,NA,NA,NA,NA,NA,NA,110075.31,NA,110075.31,2020-03-12
NA,NA,398,NA,NA,NA,-5400,NA,NA,NA,NA,-433,NA,NA,NA,104640.65,NA,104640.65,2020-03-13
28500,NA,299,NA,NA,NA,NA,NA,NA,NA,-6960,-288,NA,NA,NA,126191.8,NA,126191.8,2020-03-14
NA,NA,299,NA,-91195,NA,NA,-178,NA,NA,NA,NA,NA,NA,NA,35117.68,NA,35117.68,2020-03-15
NA,3500,67794,NA,-7225,NA,NA,NA,NA,NA,NA,-880,NA,NA,NA,98306.3,NA,98306.3,2020-03-16
NA,NA,7251,NA,-7505,NA,NA,NA,NA,NA,NA,-74,NA,NA,NA,97977.78,NA,97977.78,2020-03-17
NA,NA,NA,NA,NA,NA,NA,NA,NA,NA,NA,NA,NA,NA,NA,97977.78,NA,97977.78,2020-03-18
NA,NA,NA,NA,NA,NA,NA,NA,NA,NA,NA,NA,NA,NA,NA,97977.78,NA,97977.78,2020-03-19
NA,NA,NA,NA,NA,NA,NA,NA,NA,NA,NA,NA,NA,NA,NA,97977.78,NA,97977.78,2020-03-20
90000,NA,9851,NA,-3440,NA,NA,-518,NA,NA,NA,-391,NA,NA,NA,193480.21,NA,193480.21,2020-03-21
NA,NA,2837,NA,-26071,NA,NA,-596,NA,NA,NA,NA,NA,NA,NA,169650.12,NA,169650.12,2020-03-22
NA,NA,105863,NA,-5828,NA,-3786,NA,NA,NA,NA,NA,NA,NA,NA,265899.19,NA,265899.19,2020-03-23
NA,NA,5447,NA,-5206,NA,NA,NA,NA,NA,NA,-173,NA,NA,NA,265967.36,NA,265967.36,2020-03-24
NA,NA,NA,NA,NA,NA,NA,NA,NA,NA,NA,NA,NA,NA,NA,265967.36,NA,265967.36,2020-03-25
NA,NA,NA,NA,NA,NA,NA,NA,NA,NA,NA,NA,NA,NA,NA,265967.36,NA,265967.36,2020-03-26
NA,NA,NA,NA,-5021,NA,NA,NA,-5000,NA,NA,-41,NA,NA,NA,255905.58,NA,255905.58,2020-03-27
12000,NA,1597,NA,NA,NA,NA,NA,-5000,NA,NA,NA,NA,NA,NA,264502.38,NA,264502.38,2020-03-28
NA,NA,6237,NA,-34646,NA,-1725,-324,NA,NA,NA,NA,NA,NA,NA,234043.82,NA,234043.82,2020-03-29
NA,NA,3268,NA,-12728,NA,NA,-109140,NA,NA,NA,-4400,NA,NA,NA,111044.46,NA,111044.46,2020-03-30
NA,NA,NA,NA,-15762,NA,-996,NA,NA,NA,NA,NA,NA,NA,NA,94286.96,NA,94286.96,2020-03-31
NA,NA,NA,NA,NA,NA,NA,NA,NA,NA,NA,NA,NA,NA,NA,94286.96,NA,94286.96,2020-04-01
NA,NA,450,NA,NA,NA,NA,NA,NA,NA,NA,NA,NA,NA,NA,94736.96,NA,94736.96,2020-04-02
NA,NA,4889,NA,-12156,NA,-949,NA,NA,NA,-16970,-862,NA,NA,NA,68688.67,NA,68688.67,2020-04-03
22000,NA,NA,NA,-1462,NA,NA,NA,NA,NA,-6960,-105,NA,NA,NA,82162.35,NA,82162.35,2020-04-04
NA,22000,1734,NA,-58554,NA,NA,NA,NA,NA,NA,NA,NA,NA,NA,47341.91,NA,47341.91,2020-04-05
NA,NA,7119,NA,-8312,NA,-1502,NA,-113,NA,NA,-265,NA,NA,NA,44269.05,NA,44269.05,2020-04-06
NA,NA,14419,NA,-2515,NA,NA,-110393,-653,-23751,NA,-443,NA,NA,NA,-79066.43,1243994.1,1164927.67,2020-04-07
NA,NA,NA,NA,NA,NA,NA,NA,NA,NA,NA,NA,NA,NA,NA,1164927.67,NA,1164927.67,2020-04-08
NA,NA,NA,NA,NA,NA,NA,NA,NA,NA,NA,NA,NA,NA,NA,1164927.67,NA,1164927.67,2020-04-09
NA,NA,399,NA,-6257,NA,NA,NA,NA,NA,NA,-1203,NA,NA,NA,1157866.53,NA,1157866.53,2020-04-10
36000,NA,1018,NA,-2366,NA,NA,NA,NA,NA,NA,-240,NA,NA,NA,1192278.48,NA,1192278.48,2020-04-11
NA,24000,42676,NA,-128300,NA,NA,NA,NA,NA,NA,-330,NA,NA,NA,1130324,NA,1130324,2020-04-12
NA,NA,NA,NA,NA,NA,NA,NA,NA,NA,NA,NA,NA,NA,NA,1130324,NA,1130324,2020-04-13
NA,NA,NA,NA,NA,NA,NA,NA,NA,NA,NA,NA,NA,NA,NA,1130324,NA,1130324,2020-04-14
NA,NA,299,NA,NA,NA,NA,NA,NA,NA,NA,NA,NA,NA,NA,1130623,NA,1130623,2020-04-15
NA,NA,NA,NA,NA,NA,NA,NA,NA,NA,NA,NA,NA,NA,NA,1130623,NA,1130623,2020-04-16
NA,NA,6185,NA,-1525,NA,-3000,-3715,NA,NA,-475312,NA,NA,NA,NA,653255.6,NA,653255.6,2020-04-17
16000,NA,5539,NA,-13384,NA,-500,NA,NA,NA,NA,-185,NA,NA,NA,660725.53,NA,660725.53,2020-04-18
NA,NA,4317,NA,-35639,NA,NA,NA,NA,NA,NA,NA,NA,-8500,NA,620903.63,NA,620903.63,2020-04-19
NA,NA,18374,NA,NA,NA,-673,NA,NA,NA,-130500,-80,NA,NA,NA,508024.29,NA,508024.29,2020-04-20
NA,NA,992,NA,-7083,NA,NA,NA,NA,NA,NA,-489,NA,NA,NA,501445.13,NA,501445.13,2020-04-21
NA,NA,NA,NA,NA,NA,NA,NA,NA,NA,NA,NA,NA,NA,NA,501445.13,NA,501445.13,2020-04-22
NA,NA,NA,NA,NA,NA,NA,NA,NA,NA,NA,NA,NA,NA,NA,501445.13,NA,501445.13,2020-04-23
NA,NA,447,NA,-2313,NA,NA,NA,NA,NA,NA,-45,NA,NA,NA,499534.72,NA,499534.72,2020-04-24
NA,NA,199,NA,-7975,NA,NA,NA,NA,NA,NA,-47,NA,-6116,NA,485595.77,NA,485595.77,2020-04-25
8000,15000,4244,NA,-123342,NA,NA,NA,NA,NA,NA,NA,NA,NA,NA,389497.76,NA,389497.76,2020-04-26
NA,NA,12813,NA,NA,NA,NA,NA,NA,NA,NA,-41,NA,NA,NA,402269.35,NA,402269.35,2020-04-27
NA,NA,NA,NA,NA,NA,-3000,-111027,NA,NA,NA,-86,NA,-2002,NA,286153.85,NA,286153.85,2020-04-28
NA,NA,NA,NA,NA,NA,NA,NA,NA,NA,NA,NA,NA,NA,NA,286153.85,NA,286153.85,2020-04-29
NA,NA,NA,NA,NA,NA,NA,NA,NA,NA,NA,NA,NA,NA,NA,286153.85,NA,286153.85,2020-04-30
NA,NA,NA,NA,NA,NA,NA,NA,NA,NA,NA,NA,NA,NA,NA,286153.85,NA,286153.85,2020-05-01
NA,NA,3504,NA,-10657,NA,NA,NA,-17,NA,NA,-7049,NA,NA,NA,271934.93,NA,271934.93,2020-05-02
15000,19000,9174,NA,-24400,NA,NA,NA,NA,NA,NA,NA,NA,-2958,NA,287750.59,NA,287750.59,2020-05-03
NA,NA,15879,NA,-16326,NA,NA,-807,NA,NA,NA,-974,NA,NA,NA,285523.17,NA,285523.17,2020-05-04
NA,NA,7494,NA,-41592,NA,NA,NA,-1413,NA,NA,NA,NA,NA,NA,250012.32,414375.75,664388.07,2020-05-05
NA,NA,NA,NA,NA,NA,NA,NA,NA,NA,NA,NA,NA,NA,NA,664388.07,NA,664388.07,2020-05-06
NA,NA,NA,NA,NA,NA,NA,NA,NA,NA,NA,NA,NA,NA,NA,664388.07,NA,664388.07,2020-05-07
NA,NA,595,NA,-10760,NA,-11420,NA,NA,NA,NA,NA,NA,NA,NA,642802.67,NA,642802.67,2020-05-08
50000,15000,10151,NA,-20025,NA,NA,NA,NA,NA,NA,NA,NA,NA,NA,697928.45,NA,697928.45,2020-05-09
NA,NA,19274,NA,-30333,NA,NA,NA,NA,NA,-6960,NA,NA,-13723,NA,666186.36,NA,666186.36,2020-05-10
NA,NA,1497,NA,-3992,NA,NA,-110393,NA,-24911,-16970,NA,NA,NA,NA,511417.34,NA,511417.34,2020-05-11
NA,NA,7191,NA,-26480,NA,NA,NA,NA,NA,NA,NA,NA,NA,NA,492128.84,NA,492128.84,2020-05-12
NA,NA,NA,NA,NA,NA,NA,NA,NA,NA,NA,NA,NA,NA,NA,492128.84,NA,492128.84,2020-05-13
NA,NA,NA,NA,NA,NA,NA,NA,NA,NA,NA,NA,NA,NA,NA,492128.84,NA,492128.84,2020-05-14
NA,NA,17319,NA,-13884,NA,NA,-250,NA,NA,NA,-850,NA,NA,NA,494463.35,NA,494463.35,2020-05-15
95000,25000,9617,NA,-13240,NA,NA,NA,NA,NA,-130500,-4500,NA,NA,NA,475840.15,NA,475840.15,2020-05-16
NA,NA,28327,NA,-101515,NA,NA,NA,NA,NA,NA,NA,NA,-5881,NA,396771.19,NA,396771.19,2020-05-17
NA,NA,8856,NA,-61389,NA,-675,NA,NA,NA,NA,-500,NA,NA,NA,343063.2,NA,343063.2,2020-05-18
NA,NA,5097,NA,-44264,NA,NA,NA,NA,NA,NA,-342,NA,NA,NA,303554.1,NA,303554.1,2020-05-19
NA,NA,NA,NA,NA,NA,NA,NA,NA,NA,NA,NA,NA,NA,NA,303554.1,NA,303554.1,2020-05-20
NA,NA,NA,NA,NA,NA,NA,NA,NA,NA,NA,NA,NA,NA,NA,303554.1,NA,303554.1,2020-05-21
15000,14000,16408,NA,-681,NA,NA,NA,NA,NA,-3702,NA,NA,NA,NA,344579.3,NA,344579.3,2020-05-22
124000,5300,16635,NA,-24527,NA,NA,NA,NA,NA,NA,NA,NA,NA,NA,465987.27,NA,465987.27,2020-05-23
NA,NA,3833,NA,-64804,NA,NA,NA,NA,NA,NA,NA,NA,NA,NA,405016.25,NA,405016.25,2020-05-24
NA,NA,2599,NA,-26239,NA,NA,NA,NA,NA,-15662,-1465,NA,NA,NA,364248.79,NA,364248.79,2020-05-25
NA,NA,100,NA,-15134,NA,NA,NA,NA,NA,-28032,-3000,NA,NA,NA,318182.72,NA,318182.72,2020-05-26
NA,NA,NA,NA,NA,NA,NA,NA,NA,NA,NA,NA,NA,NA,NA,318182.72,NA,318182.72,2020-05-27
NA,NA,NA,NA,NA,NA,NA,NA,NA,NA,NA,NA,NA,NA,NA,318182.72,NA,318182.72,2020-05-28
NA,NA,30656,NA,-17878,NA,NA,NA,NA,NA,-222,NA,NA,NA,NA,330738.45,NA,330738.45,2020-05-29
24000,25000,3506,NA,-23981,NA,NA,-117637,NA,NA,NA,NA,NA,NA,NA,241625.97,NA,241625.97,2020-05-30
NA,NA,73619,NA,-64154,NA,-1647,NA,NA,NA,NA,-1161,NA,NA,NA,248283.41,NA,248283.41,2020-05-31
NA,NA,971,NA,-35227,NA,NA,NA,NA,NA,NA,NA,NA,NA,NA,214027.08,NA,214027.08,2020-06-01
NA,NA,15139,NA,-12932,NA,NA,NA,NA,-23751,NA,-1063,NA,NA,NA,191420.19,NA,191420.19,2020-06-02
NA,NA,99,NA,NA,NA,NA,NA,NA,NA,NA,NA,NA,NA,NA,191519.19,NA,191519.19,2020-06-03
NA,NA,NA,NA,NA,NA,NA,NA,NA,NA,NA,NA,NA,NA,NA,191519.19,NA,191519.19,2020-06-04
NA,NA,331,NA,-5000,NA,NA,NA,NA,NA,NA,-701,NA,-603,NA,185545.99,NA,185545.99,2020-06-05
60000,20000,34892,NA,-19321,NA,NA,NA,-938,NA,NA,-1430,-6998,NA,NA,271750.68,NA,271750.68,2020-06-06
NA,NA,4502,NA,-13305,NA,NA,-166593,-636,NA,NA,-649,NA,NA,NA,95069.14,1060923,1155992.14,2020-06-07
NA,NA,25354,NA,-97963,NA,-1646,NA,NA,NA,NA,-4516,NA,NA,NA,1077221.42,NA,1077221.42,2020-06-08
NA,NA,2269,NA,-64759,NA,NA,NA,NA,NA,NA,-4000,NA,-3851,NA,1006880.23,NA,1006880.23,2020-06-09
NA,NA,NA,NA,NA,NA,NA,NA,NA,NA,NA,NA,NA,NA,NA,1006880.23,NA,1006880.23,2020-06-10
NA,NA,NA,NA,NA,NA,NA,NA,NA,NA,NA,NA,NA,NA,NA,1006880.23,NA,1006880.23,2020-06-11
NA,NA,7602,NA,-9794,NA,-4923,NA,NA,NA,NA,-112,NA,NA,NA,999653.11,NA,999653.11,2020-06-12
72000,30000,396,7424,-8574,NA,NA,-175487,NA,NA,-16970,NA,NA,NA,NA,908442.27,NA,908442.27,2020-06-13
NA,NA,13170,12350,-63631,NA,NA,NA,NA,NA,-6960,-1225,NA,NA,NA,862147,NA,862147,2020-06-14
NA,NA,43655,20814,-91533,NA,-2399,NA,NA,NA,NA,-11907,NA,NA,NA,820777.7,NA,820777.7,2020-06-15
NA,NA,11517,569,-67372,NA,NA,NA,NA,NA,-37410,-1444,NA,NA,NA,726638.05,NA,726638.05,2020-06-16
NA,NA,100,NA,NA,NA,NA,NA,NA,NA,NA,NA,NA,NA,NA,726738.05,NA,726738.05,2020-06-17
NA,NA,NA,NA,NA,NA,NA,NA,NA,NA,NA,NA,NA,NA,NA,726738.05,NA,726738.05,2020-06-18
NA,NA,-4568,NA,-43939,NA,NA,NA,NA,NA,NA,-1635,NA,NA,NA,676596,NA,676596,2020-06-19
60000,10000,16754,NA,-7569,NA,NA,NA,NA,NA,-1169,NA,NA,NA,NA,754612.16,NA,754612.16,2020-06-20
NA,NA,1046,NA,-7748,NA,NA,NA,NA,NA,NA,NA,NA,NA,NA,747910.19,NA,747910.19,2020-06-21
NA,NA,6460,NA,-108736,NA,NA,NA,NA,NA,NA,-60,NA,NA,NA,645574.31,NA,645574.31,2020-06-22
NA,NA,NA,13759,-32115,NA,NA,NA,NA,NA,NA,NA,NA,NA,NA,627218.07,NA,627218.07,2020-06-23
NA,NA,NA,NA,NA,NA,NA,NA,NA,NA,NA,NA,NA,NA,NA,627218.07,NA,627218.07,2020-06-24
NA,NA,NA,NA,NA,NA,NA,NA,NA,NA,NA,NA,NA,NA,NA,627218.07,NA,627218.07,2020-06-25
NA,NA,19484,NA,-36658,NA,NA,NA,NA,NA,NA,-2378,NA,NA,NA,607666.93,NA,607666.93,2020-06-26
80000,77000,3958,NA,-26492,NA,NA,NA,NA,NA,-648,NA,NA,NA,NA,741485.83,NA,741485.83,2020-06-27
NA,NA,2646,NA,-36594,NA,NA,NA,NA,NA,-37410,-1392,NA,NA,NA,668735.81,NA,668735.81,2020-06-28
NA,NA,99,42210,NA,NA,NA,-179589,NA,NA,NA,-92,NA,NA,NA,531363.67,NA,531363.67,2020-06-29
NA,NA,397,NA,-49751,NA,NA,-405840,NA,NA,NA,-60,NA,NA,NA,76109.7,NA,76109.7,2020-06-30
NA,NA,NA,NA,NA,NA,NA,NA,NA,NA,NA,NA,NA,NA,NA,76109.7,NA,76109.7,2020-07-01
NA,NA,NA,NA,NA,NA,NA,NA,NA,NA,NA,NA,NA,NA,NA,76109.7,NA,76109.7,2020-07-02
NA,NA,7494,3958,-4433,NA,NA,NA,NA,NA,NA,-95,NA,NA,NA,83034.22,NA,83034.22,2020-07-03
90000,25000,NA,NA,-25375,NA,NA,NA,NA,NA,-3109,-1067,NA,NA,NA,168483.03,NA,168483.03,2020-07-04
NA,NA,100,NA,-24435,NA,-1814,NA,NA,-23751,-1972,-960,NA,NA,NA,115651.63,NA,115651.63,2020-07-05
NA,NA,99,NA,-58919,NA,NA,NA,-1067,NA,-460,-11922,NA,NA,NA,43382.74,NA,43382.74,2020-07-06
NA,NA,12097,NA,-26065,NA,NA,NA,NA,NA,NA,NA,NA,NA,NA,29414.63,NA,29414.63,2020-07-07
NA,NA,NA,NA,NA,NA,NA,NA,NA,NA,NA,NA,NA,NA,NA,29414.63,NA,29414.63,2020-07-08
NA,NA,NA,NA,NA,NA,NA,NA,NA,NA,NA,NA,NA,NA,NA,29414.63,NA,29414.63,2020-07-09
NA,NA,18127,NA,-41811,NA,NA,NA,NA,NA,NA,-1612,NA,NA,NA,4118.82,NA,4118.82,2020-07-10
50000,38000,500,NA,-39771,NA,NA,NA,NA,NA,NA,NA,NA,NA,NA,52847.82,NA,52847.82,2020-07-11
NA,NA,14935,NA,-14756,NA,NA,NA,NA,NA,NA,NA,NA,NA,NA,53026.58,NA,53026.58,2020-07-12
NA,NA,10329,NA,-39080,NA,NA,NA,NA,NA,NA,-440,NA,NA,NA,23836.12,NA,23836.12,2020-07-13
NA,NA,12296,NA,-107893,NA,NA,-775788,-617,NA,NA,-10166,NA,NA,NA,-858332.08,1393614.6,535282.52,2020-07-14
NA,NA,NA,NA,NA,NA,NA,NA,NA,NA,NA,NA,NA,NA,NA,535282.52,NA,535282.52,2020-07-15
NA,NA,NA,NA,NA,NA,NA,NA,NA,NA,NA,NA,NA,NA,NA,535282.52,NA,535282.52,2020-07-16
NA,NA,5037,NA,-50245,NA,-6688,NA,NA,NA,-16970,-104,NA,NA,NA,466313.03,NA,466313.03,2020-07-17
NA,14000,584,NA,-13002,NA,NA,NA,NA,NA,NA,-1118,-5998,NA,NA,460779.43,NA,460779.43,2020-07-18
NA,NA,16354,8983,-7260,NA,NA,NA,NA,NA,NA,NA,NA,NA,NA,478856.95,NA,478856.95,2020-07-19
NA,NA,15045,NA,-78460,NA,-126,NA,NA,-5067,NA,NA,-500,-12000,NA,397749.54,NA,397749.54,2020-07-20
NA,NA,10150,NA,-20021,NA,-2364,NA,NA,NA,NA,-4500,NA,NA,NA,381014.74,NA,381014.74,2020-07-21
NA,NA,NA,NA,NA,NA,NA,NA,NA,NA,NA,NA,NA,NA,NA,381014.74,NA,381014.74,2020-07-22
NA,NA,NA,NA,NA,NA,NA,NA,NA,NA,NA,NA,NA,NA,NA,381014.74,NA,381014.74,2020-07-23
NA,NA,32765,NA,-13965,NA,NA,NA,NA,NA,NA,-60,NA,NA,NA,399754.74,NA,399754.74,2020-07-24
NA,NA,5196,NA,-5337,NA,NA,NA,NA,NA,-4400,NA,NA,NA,NA,395214.24,NA,395214.24,2020-07-25
NA,NA,10868,NA,-88117,NA,NA,NA,NA,NA,NA,NA,NA,NA,NA,317964.9,NA,317964.9,2020-07-26
NA,NA,10637,NA,-2230,NA,-1719,NA,NA,NA,NA,-1120,NA,NA,NA,323532.56,NA,323532.56,2020-07-27
NA,NA,99,64713,-33364,NA,-1920,-223628,NA,NA,NA,NA,NA,NA,NA,129432.4,NA,129432.4,2020-07-28
NA,NA,NA,NA,NA,NA,NA,NA,NA,NA,NA,NA,NA,NA,NA,129432.4,NA,129432.4,2020-07-29
NA,NA,NA,NA,NA,NA,NA,NA,NA,NA,NA,NA,NA,NA,NA,129432.4,NA,129432.4,2020-07-30
NA,NA,NA,NA,-6369,NA,NA,NA,NA,NA,NA,NA,NA,NA,NA,123063.9,NA,123063.9,2020-07-31
NA,NA,2965,4555,-7440,NA,NA,NA,NA,NA,NA,NA,NA,NA,NA,123144.86,NA,123144.86,2020-08-01
NA,NA,-508,45000,-37462,NA,-12500,NA,NA,NA,-3120,-1233,NA,NA,NA,113322.4,NA,113322.4,2020-08-02
NA,NA,12539,50532,-128501,NA,NA,NA,NA,NA,NA,-84,NA,NA,NA,47808.47,NA,47808.47,2020-08-03
NA,NA,15177,3504,-14634,NA,NA,NA,-1114,NA,-541,NA,NA,NA,NA,50200.07,NA,50200.07,2020-08-04
NA,NA,NA,NA,NA,NA,NA,NA,NA,NA,NA,NA,NA,NA,NA,50200.07,NA,50200.07,2020-08-05
NA,NA,NA,NA,NA,NA,NA,NA,NA,NA,NA,NA,NA,NA,NA,50200.07,NA,50200.07,2020-08-06
NA,NA,3148,NA,-9864,NA,-3000,NA,NA,NA,NA,-209,-19794,NA,NA,20480.73,NA,20480.73,2020-08-07
27000,NA,99,NA,-4320,NA,NA,NA,-625,NA,NA,-1750,-4196,-16304,NA,20384.57,2089851.5,2110236.07,2020-08-08
NA,NA,8365,NA,-112677,NA,NA,NA,NA,-24911,-13920,-66,NA,-386700,NA,1580327.65,NA,1580327.65,2020-08-09
NA,NA,12942,NA,-81792,NA,-10000,NA,NA,NA,NA,-66,-7598,NA,NA,1493813.71,NA,1493813.71,2020-08-10
NA,NA,13151,600,-80298,NA,NA,NA,NA,NA,NA,-543,NA,NA,NA,1426723.55,NA,1426723.55,2020-08-11
NA,NA,NA,NA,NA,NA,NA,NA,NA,NA,NA,NA,NA,NA,NA,1426723.55,NA,1426723.55,2020-08-12
NA,NA,NA,NA,NA,NA,NA,NA,NA,NA,NA,NA,NA,NA,NA,1426723.55,NA,1426723.55,2020-08-13
NA,NA,12416,3181,-49061,NA,-7378,-511912,NA,NA,-16970,-1305,NA,-6236,NA,849459.09,NA,849459.09,2020-08-14
NA,30000,385,NA,-175094,NA,NA,NA,NA,NA,NA,NA,NA,NA,NA,704750.49,NA,704750.49,2020-08-15
NA,NA,650,NA,-154407,NA,NA,NA,NA,NA,NA,NA,NA,NA,NA,550993.56,NA,550993.56,2020-08-16
NA,NA,34511,NA,-140883,NA,NA,NA,NA,NA,NA,-3971,NA,NA,NA,440650.78,NA,440650.78,2020-08-17
NA,NA,10696,NA,-85371,NA,-77196,NA,-617,NA,NA,-4057,-4196,-1729721,NA,-1449810.6,1732230,282419.4,2020-08-18
NA,NA,NA,NA,NA,NA,NA,NA,NA,NA,NA,NA,NA,NA,NA,282419.4,NA,282419.4,2020-08-19
NA,NA,NA,NA,NA,NA,NA,NA,NA,NA,NA,NA,NA,NA,NA,282419.4,NA,282419.4,2020-08-20
NA,NA,1419,NA,-6005,NA,NA,NA,NA,NA,NA,NA,-6599,NA,NA,271234.39,NA,271234.39,2020-08-21
NA,NA,24288,NA,-55230,NA,NA,NA,NA,NA,NA,-2223,NA,-45000,NA,193069.39,NA,193069.39,2020-08-22
NA,30000,3283,6948,-42234,NA,NA,NA,NA,NA,NA,NA,NA,NA,NA,191066.21,NA,191066.21,2020-08-23
NA,NA,199,NA,-85272,NA,NA,NA,NA,NA,NA,-3619,NA,NA,NA,102374.56,NA,102374.56,2020-08-24
NA,NA,42287,NA,-45789,NA,NA,NA,NA,NA,NA,-1135,NA,NA,NA,97737.71,NA,97737.71,2020-08-25
NA,NA,NA,NA,NA,NA,NA,NA,NA,NA,NA,NA,NA,NA,NA,97737.71,NA,97737.71,2020-08-26
NA,NA,NA,NA,NA,NA,NA,NA,NA,NA,NA,NA,NA,NA,NA,97737.71,NA,97737.71,2020-08-27
NA,NA,21580,5516,-11615,NA,NA,NA,NA,-4832,-309,-1618,NA,NA,NA,106459.97,NA,106459.97,2020-08-28
1e+05,44000,203,NA,-67949,NA,NA,NA,NA,NA,NA,-52,NA,NA,NA,182661.88,NA,182661.88,2020-08-29
NA,NA,NA,7195,-12452,NA,-536,NA,NA,NA,NA,NA,NA,NA,NA,176869.4,NA,176869.4,2020-08-30
NA,NA,198,NA,-48600,NA,-42084,NA,NA,NA,NA,NA,NA,NA,NA,86383.4,NA,86383.4,2020-08-31
NA,NA,1113,1290,-48695,NA,NA,NA,NA,NA,NA,NA,NA,NA,NA,40091.4,NA,40091.4,2020-09-01
NA,NA,NA,NA,NA,NA,NA,NA,NA,NA,NA,NA,NA,NA,NA,40091.4,NA,40091.4,2020-09-02
NA,NA,NA,NA,NA,NA,NA,NA,NA,NA,NA,NA,NA,NA,NA,40091.4,NA,40091.4,2020-09-03
NA,NA,1664,NA,-21635,NA,NA,NA,NA,NA,-4258,-6985,NA,NA,NA,8877.25,NA,8877.25,2020-09-04
88000,NA,5962,NA,-256862,NA,-10000,-448873,-622,NA,NA,NA,NA,NA,NA,-613516.9,777811.5,164294.6,2020-09-05
NA,13000,NA,NA,-26694,NA,NA,NA,-1079,NA,NA,NA,NA,NA,NA,149521.8,NA,149521.8,2020-09-06
NA,NA,2215,NA,-64888,NA,NA,NA,NA,NA,NA,NA,NA,NA,NA,86848.9,NA,86848.9,2020-09-07
NA,NA,1142,NA,-39578,NA,-2633,NA,NA,NA,NA,NA,NA,NA,NA,45779.86,NA,45779.86,2020-09-08
NA,NA,99,NA,NA,NA,NA,NA,NA,NA,NA,NA,NA,NA,NA,45878.86,NA,45878.86,2020-09-09
NA,NA,NA,NA,NA,NA,NA,NA,NA,NA,NA,NA,NA,NA,NA,45878.86,NA,45878.86,2020-09-10
NA,NA,1793,NA,-764,NA,NA,NA,NA,NA,NA,-11389,NA,NA,NA,35518.87,NA,35518.87,2020-09-11
63880,20000,18779,NA,-16962,NA,NA,NA,NA,NA,NA,-3000,NA,NA,NA,118215.87,NA,118215.87,2020-09-12
-99,NA,3253,NA,-72004,NA,NA,NA,-619,NA,NA,NA,-26392,NA,NA,22355.09,1816824.1,1839179.19,2020-09-13
NA,NA,1984,354750,-142405,NA,-5000,-467339,NA,NA,NA,NA,NA,NA,NA,1581169.25,NA,1581169.25,2020-09-14
NA,NA,NA,NA,-175721,NA,-2128,NA,NA,NA,NA,NA,NA,NA,NA,1403319.78,NA,1403319.78,2020-09-15
NA,NA,NA,NA,NA,NA,NA,NA,NA,NA,NA,NA,NA,NA,NA,1403319.78,NA,1403319.78,2020-09-16
NA,NA,NA,NA,NA,NA,NA,NA,NA,NA,NA,NA,NA,NA,NA,1403319.78,NA,1403319.78,2020-09-17
NA,NA,19926,NA,-45178,NA,NA,NA,NA,NA,NA,-11780,NA,NA,NA,1366288.8,NA,1366288.8,2020-09-18
40000,20000,NA,NA,-114102,NA,-999,NA,NA,NA,NA,NA,NA,NA,NA,1311187.8,NA,1311187.8,2020-09-19
NA,NA,NA,8156,NA,NA,NA,NA,NA,NA,NA,NA,NA,NA,NA,1319343.81,NA,1319343.81,2020-09-20
NA,NA,NA,NA,-26349,NA,-11331,NA,NA,NA,NA,-1500,NA,NA,NA,1280163.62,NA,1280163.62,2020-09-21
NA,NA,10571,NA,-47146,NA,NA,NA,NA,NA,NA,NA,NA,NA,NA,1243588.93,NA,1243588.93,2020-09-22
NA,NA,NA,NA,NA,NA,NA,NA,NA,NA,NA,NA,NA,NA,NA,1243588.93,NA,1243588.93,2020-09-23
NA,NA,NA,NA,NA,NA,NA,NA,NA,NA,NA,NA,NA,NA,NA,1243588.93,NA,1243588.93,2020-09-24
NA,NA,109,2668,-21685,NA,-14848,-28188,NA,NA,-29208,NA,NA,NA,NA,1152436.93,NA,1152436.93,2020-09-25
50000,18000,110,12695,-52000,-20000,NA,NA,NA,-26751,NA,-1450,NA,-2088,NA,1130953.46,NA,1130953.46,2020-09-26
NA,NA,NA,NA,-37812,NA,-1917,-513559,NA,NA,NA,-4000,NA,NA,NA,573665.55,NA,573665.55,2020-09-27
NA,NA,4333,NA,-28356,NA,NA,NA,NA,NA,NA,NA,NA,NA,NA,549642.55,NA,549642.55,2020-09-28
NA,NA,10319,NA,-8808,NA,NA,NA,-633,NA,NA,-3303,NA,NA,NA,547217.47,876550,1423767.47,2020-09-29
NA,NA,9215,NA,NA,NA,NA,NA,NA,NA,NA,NA,NA,NA,NA,1432982.27,NA,1432982.27,2020-09-30
NA,NA,NA,NA,NA,NA,NA,NA,NA,NA,NA,NA,NA,NA,NA,1432982.27,NA,1432982.27,2020-10-01
NA,NA,27228,NA,-31745,-77591,-264872,-875000,NA,NA,-1378,NA,NA,NA,NA,209624.39,NA,209624.39,2020-10-02
36000,30000,NA,NA,NA,NA,NA,NA,NA,NA,NA,NA,NA,NA,NA,275624.39,NA,275624.39,2020-10-03
NA,NA,3332,NA,-28616,-76092,-7100,-1879,NA,NA,-552,-7405,NA,NA,NA,157311.8,NA,157311.8,2020-10-04
NA,NA,20974,30204,-38438,-20000,NA,NA,-290,NA,NA,NA,NA,NA,NA,149761.82,NA,149761.82,2020-10-05
NA,NA,NA,NA,-22368,-75178,-5000,NA,NA,NA,NA,NA,NA,NA,NA,47216.32,NA,47216.32,2020-10-06
NA,NA,NA,NA,NA,NA,NA,NA,NA,NA,NA,NA,NA,NA,NA,47216.32,NA,47216.32,2020-10-07
NA,NA,NA,NA,NA,NA,NA,NA,NA,NA,NA,NA,NA,NA,NA,47216.32,NA,47216.32,2020-10-08
NA,NA,NA,NA,-13781,-19174,NA,NA,NA,NA,NA,NA,NA,NA,NA,14261.72,NA,14261.72,2020-10-09
55000,30000,1500,NA,-13085,-12596,NA,NA,-650,-195439,-63800,NA,NA,-39440,NA,-224247.52,1439176,1214928.48,2020-10-10
NA,NA,399,NA,-6984,-114412,NA,NA,NA,-4392,NA,NA,NA,NA,NA,1089539.57,NA,1089539.57,2020-10-11
NA,NA,NA,NA,-6332,-18254,-10148,NA,NA,NA,NA,NA,NA,NA,NA,1054805.29,NA,1054805.29,2020-10-12
NA,NA,-7935,NA,-31969,-96068,NA,NA,NA,NA,NA,NA,NA,NA,NA,918833.89,NA,918833.89,2020-10-13
NA,NA,NA,NA,NA,NA,NA,NA,NA,NA,NA,NA,NA,NA,NA,918833.89,NA,918833.89,2020-10-14
NA,NA,NA,NA,NA,NA,NA,NA,NA,NA,NA,NA,NA,NA,NA,918833.89,NA,918833.89,2020-10-15
NA,NA,720,218829,-15369,-22514,NA,NA,NA,NA,NA,-584,NA,NA,NA,1099916.58,NA,1099916.58,2020-10-16
NA,NA,NA,NA,-9840,-231540,NA,NA,NA,NA,-227887,NA,NA,NA,NA,630650.14,NA,630650.14,2020-10-17
40000,10000,16527,9413,-6363,-12000,NA,NA,NA,NA,NA,NA,NA,NA,NA,688227.15,NA,688227.15,2020-10-18
NA,NA,140,NA,NA,-75607,NA,NA,NA,NA,NA,-11600,NA,NA,NA,601160.7,NA,601160.7,2020-10-19
NA,NA,NA,1428,-50772,-162820,NA,NA,NA,-171581,NA,NA,NA,NA,NA,217415.4,NA,217415.4,2020-10-20
NA,NA,NA,NA,NA,NA,NA,NA,NA,NA,NA,NA,NA,NA,NA,217415.4,NA,217415.4,2020-10-21
NA,NA,NA,NA,NA,NA,NA,NA,NA,NA,NA,NA,NA,NA,NA,217415.4,NA,217415.4,2020-10-22
NA,NA,6793,NA,-27157,-41926,NA,NA,NA,-23751,-16970,NA,NA,NA,NA,114404.68,NA,114404.68,2020-10-23
2500,NA,665,NA,-8038,-8000,-11892,NA,NA,NA,NA,-204,NA,NA,NA,89435.25,NA,89435.25,2020-10-24
NA,NA,NA,NA,-27600,-31000,NA,NA,NA,NA,NA,NA,NA,NA,NA,30835.25,NA,30835.25,2020-10-25
NA,NA,NA,23459,NA,NA,NA,NA,NA,NA,NA,NA,NA,NA,NA,54294.25,NA,54294.25,2020-10-26
NA,NA,420,10788,NA,-52000,-239,NA,NA,NA,NA,-1160,NA,NA,NA,12103.25,NA,12103.25,2020-10-27
NA,NA,NA,NA,NA,-6000,NA,NA,NA,NA,NA,NA,NA,NA,NA,6103.25,NA,6103.25,2020-10-28
NA,NA,NA,NA,NA,NA,NA,NA,NA,NA,NA,NA,NA,NA,NA,6103.25,NA,6103.25,2020-10-29
NA,NA,NA,148690,NA,NA,NA,-76661,-992,NA,NA,NA,NA,NA,NA,77140.79,NA,77140.79,2020-10-30
42000,NA,362,-37000,-11098,-47000,NA,NA,NA,NA,NA,-1910,NA,NA,NA,22494.5,NA,22494.5,2020-10-31
NA,NA,3225,NA,162296,-136287,NA,NA,NA,NA,NA,-66,NA,NA,NA,51663.1,NA,51663.1,2020-11-01
NA,NA,NA,NA,NA,NA,NA,NA,NA,NA,NA,NA,NA,NA,NA,51663.1,NA,51663.1,2020-11-02
NA,NA,1919,NA,-2557,-7000,-35745,NA,-666,NA,-6960,-882,NA,NA,NA,-227.47,926662.5,926435.03,2020-11-03
NA,NA,NA,NA,NA,NA,NA,NA,NA,NA,NA,NA,NA,NA,NA,926435.03,NA,926435.03,2020-11-04
NA,NA,NA,NA,NA,NA,NA,NA,NA,NA,NA,NA,NA,NA,NA,926435.03,NA,926435.03,2020-11-05
NA,NA,NA,NA,-6560,-3900,NA,NA,NA,-201974,NA,NA,NA,NA,NA,714001.39,NA,714001.39,2020-11-06
75000,NA,280,37144,NA,-110596,NA,NA,-1282,NA,NA,-1100,NA,NA,NA,713447.67,NA,713447.67,2020-11-07
NA,NA,2298,NA,-61593,-117892,NA,NA,NA,NA,NA,-1500,NA,NA,NA,534761.15,NA,534761.15,2020-11-08
NA,NA,NA,29006,-22551,-87208,NA,NA,NA,NA,NA,NA,NA,NA,NA,454008.26,NA,454008.26,2020-11-09
NA,NA,3646,NA,-58199,-87952,NA,NA,NA,NA,NA,NA,NA,NA,NA,311503.24,NA,311503.24,2020-11-10
NA,NA,NA,NA,NA,NA,-10424,NA,NA,NA,NA,NA,NA,NA,NA,301079.24,NA,301079.24,2020-11-11
NA,NA,NA,NA,NA,NA,NA,NA,NA,NA,NA,NA,NA,NA,NA,301079.24,NA,301079.24,2020-11-12
NA,NA,2786,120675,NA,NA,-9357,NA,NA,NA,NA,NA,NA,NA,NA,415182.74,NA,415182.74,2020-11-13
5000,NA,1277,67169,NA,NA,-5518,-327387,NA,NA,NA,NA,NA,NA,NA,155723.45,NA,155723.45,2020-11-14
NA,NA,NA,39500,-38824,NA,NA,NA,NA,NA,NA,NA,NA,NA,NA,156399.95,NA,156399.95,2020-11-15
NA,NA,140,42775,-21735,-35357,NA,NA,NA,NA,NA,NA,NA,NA,NA,142221.9,NA,142221.9,2020-11-16
NA,NA,NA,NA,-1643,-69187,NA,NA,NA,NA,NA,NA,NA,NA,NA,71392.4,NA,71392.4,2020-11-17
NA,NA,NA,NA,NA,NA,NA,NA,NA,NA,NA,NA,NA,NA,NA,71392.4,NA,71392.4,2020-11-18
NA,NA,NA,NA,NA,NA,NA,NA,NA,NA,NA,NA,NA,NA,NA,71392.4,NA,71392.4,2020-11-19
NA,NA,NA,NA,NA,NA,NA,NA,NA,NA,NA,NA,NA,NA,NA,71392.4,NA,71392.4,2020-11-20
NA,NA,580,22503,-1266,-52400,NA,NA,NA,NA,NA,NA,NA,NA,NA,40809.4,NA,40809.4,2020-11-21
10000,NA,NA,92598,NA,-29917,-13648,NA,NA,NA,NA,NA,NA,NA,NA,99842.4,NA,99842.4,2020-11-22
NA,NA,140,275347,-13469,-69367,NA,NA,NA,NA,NA,NA,NA,NA,NA,292493.97,NA,292493.97,2020-11-23
NA,12000,420,NA,NA,-155000,NA,NA,-647,NA,NA,NA,NA,NA,NA,149266.55,643446,792712.55,2020-11-24
NA,NA,NA,NA,NA,NA,NA,NA,NA,NA,NA,NA,NA,NA,NA,792712.55,NA,792712.55,2020-11-25
NA,NA,NA,NA,NA,NA,NA,NA,NA,NA,NA,NA,NA,NA,NA,792712.55,NA,792712.55,2020-11-26
NA,NA,539,29458,-11889,-40153,NA,NA,NA,NA,NA,NA,NA,NA,NA,770668.55,NA,770668.55,2020-11-27
20799,NA,7771,NA,-16576,-57007,NA,NA,-645,NA,NA,NA,NA,-686087,NA,38924.2,1129753.8,1168678,2020-11-28
NA,NA,140,NA,-229067,-111149,NA,-693831,NA,-4392,-14769,-468,NA,NA,NA,115142.33,NA,115142.33,2020-11-29
NA,64000,357,4890,9444,-22000,NA,-66800,NA,NA,NA,-17031,NA,NA,NA,88002.15,NA,88002.15,2020-11-30
NA,NA,-140,NA,-2023,-3640,-7328,NA,NA,NA,NA,-2379,NA,NA,NA,72492.71,NA,72492.71,2020-12-01
NA,NA,NA,NA,NA,NA,NA,NA,NA,NA,NA,NA,NA,NA,NA,72492.71,NA,72492.71,2020-12-02
NA,NA,NA,NA,NA,NA,NA,NA,NA,NA,NA,NA,NA,NA,NA,72492.71,NA,72492.71,2020-12-03
NA,NA,280,NA,-6460,-13920,NA,NA,NA,NA,NA,-5210,NA,NA,NA,47182.38,NA,47182.38,2020-12-04
NA,NA,NA,1312,-4457,NA,NA,NA,NA,NA,NA,NA,NA,NA,NA,44037.19,NA,44037.19,2020-12-05
NA,NA,-399,NA,-1969,NA,-10000,NA,-1770,-200947,NA,898,NA,NA,NA,-170149.3,2569051.02,2398901.72,2020-12-06
NA,NA,1346,22356,NA,-44000,NA,NA,NA,NA,NA,NA,NA,NA,NA,2378603.22,NA,2378603.22,2020-12-07
NA,NA,NA,NA,-27043,-126610,-15610,42219,NA,NA,-23930,NA,NA,NA,NA,2227629.2,NA,2227629.2,2020-12-08
NA,NA,NA,NA,NA,NA,NA,NA,NA,NA,NA,NA,NA,NA,NA,2227629.2,NA,2227629.2,2020-12-09
NA,NA,NA,NA,NA,NA,NA,NA,NA,NA,NA,NA,NA,NA,NA,2227629.2,NA,2227629.2,2020-12-10
NA,11000,NA,NA,NA,NA,NA,NA,NA,NA,NA,NA,NA,NA,NA,2238629.2,NA,2238629.2,2020-12-11
NA,NA,NA,NA,NA,NA,NA,NA,NA,NA,NA,NA,NA,NA,NA,2238629.2,NA,2238629.2,2020-12-12
NA,NA,NA,NA,NA,NA,NA,NA,NA,NA,NA,NA,NA,NA,NA,2238629.2,NA,2238629.2,2020-12-13
NA,NA,NA,NA,NA,NA,NA,NA,NA,NA,NA,NA,NA,NA,NA,2238629.2,NA,2238629.2,2020-12-14
NA,NA,NA,NA,NA,NA,NA,NA,NA,NA,NA,NA,NA,NA,NA,2238629.2,NA,2238629.2,2020-12-15
NA,NA,NA,NA,NA,NA,NA,NA,NA,NA,NA,NA,NA,NA,NA,2238629.2,NA,2238629.2,2020-12-16
NA,NA,NA,NA,NA,NA,NA,NA,NA,NA,NA,NA,NA,NA,NA,2238629.2,NA,2238629.2,2020-12-17
NA,NA,NA,NA,NA,NA,NA,NA,NA,NA,NA,NA,NA,NA,NA,2238629.2,NA,2238629.2,2020-12-18
NA,NA,NA,NA,NA,NA,NA,NA,NA,NA,NA,NA,NA,NA,NA,2238629.2,NA,2238629.2,2020-12-19
NA,NA,NA,NA,NA,NA,NA,NA,NA,NA,NA,NA,NA,NA,NA,2238629.2,NA,2238629.2,2020-12-20
NA,NA,NA,NA,NA,NA,NA,NA,NA,NA,NA,NA,NA,NA,NA,2238629.2,NA,2238629.2,2020-12-21
NA,NA,NA,NA,NA,NA,NA,NA,NA,NA,NA,NA,NA,NA,NA,2238629.2,NA,2238629.2,2020-12-22
NA,NA,NA,NA,NA,NA,NA,NA,NA,NA,NA,NA,NA,NA,NA,2238629.2,NA,2238629.2,2020-12-23
NA,NA,NA,NA,NA,NA,NA,NA,NA,NA,NA,NA,NA,NA,NA,2238629.2,NA,2238629.2,2020-12-24
NA,NA,NA,NA,NA,NA,NA,NA,NA,NA,NA,NA,NA,NA,NA,2238629.2,NA,2238629.2,2020-12-25
NA,NA,NA,NA,NA,NA,NA,NA,NA,NA,NA,NA,NA,NA,NA,2238629.2,NA,2238629.2,2020-12-26
NA,NA,NA,NA,NA,NA,NA,NA,NA,NA,NA,NA,NA,NA,NA,2238629.2,NA,2238629.2,2020-12-27
NA,NA,NA,NA,NA,NA,NA,NA,NA,NA,NA,NA,NA,NA,NA,2238629.2,NA,2238629.2,2020-12-28
NA,NA,NA,NA,NA,NA,NA,NA,NA,NA,NA,NA,NA,NA,NA,2238629.2,NA,2238629.2,2020-12-29
NA,NA,NA,NA,NA,NA,NA,NA,NA,NA,NA,NA,NA,NA,NA,2238629.2,NA,2238629.2,2020-12-30
NA,NA,NA,NA,NA,NA,NA,NA,NA,NA,NA,NA,NA,NA,NA,2238629.2,NA,2238629.2,2020-12-31
